https://m.weibo.cn/status/Imv2TpXvk?mblogid=Imv2TpXvk&luicode=10000011&lfid=1076031280761142,1280761142,4453625596186938,,57938,2757,昨天 05:49,2205,"2019即将成为记忆，记忆中有你有我；2020，可以有更多愿望，你的我的…….<span class=""url-icon""><img alt=[挤眼] src=""//h5.sinaimg.cn/m/emoticon/icon/default/d_jiyan-feeb0a726c.png"" style=""width:1em; height:1em;"" /></span><span class=""url-icon""><img alt=[礼物] src=""//h5.sinaimg.cn/m/emoticon/icon/others/o_liwu-cd692ebd14.png"" style=""width:1em; height:1em;"" /></span> <a  href=""https://m.weibo.cn/search?containerid=231522type%3D1%26t%3D10%26q%3D%23%E6%88%91%E5%8F%AA%E8%A6%81%E9%A6%99%E5%A5%88%E5%84%BF%23&extparam=%23%E6%88%91%E5%8F%AA%E8%A6%81%E9%A6%99%E5%A5%88%E5%84%BF%23&luicode=10000011&lfid=1076031280761142"" data-hide=""""><span class=""surl-text"">#我只要香奈儿#</span></a> "
https://m.weibo.cn/status/ImmfW19nz?mblogid=ImmfW19nz&luicode=10000011&lfid=1076031280761142,1280761142,4453287720274385,,48892,2033,12-25,886,"五颜六色的节日，祝大家快乐！<span class=""url-icon""><img alt=[心] src=""//h5.sinaimg.cn/m/emoticon/icon/others/l_xin-6912791858.png"" style=""width:1em; height:1em;"" /></span> "
https://m.weibo.cn/status/ImdRD9hZH?mblogid=ImdRD9hZH&luicode=10000011&lfid=1076031280761142,1280761142,4452965132214125,,25127,1643,12-24,1168,"不知道这是今年的第几个起飞，离开的地方总有些牵挂，去的地方也有很多期待…<br />带上我的vivo和<a  href=""https://m.weibo.cn/search?containerid=231522type%3D1%26t%3D10%26q%3D%23%E7%BA%B9%E7%90%86%23&isnewpage=1&luicode=10000011&lfid=1076031280761142"" data-hide=""""><span class=""surl-text"">#纹理#</span></a>一起记录每一次快乐<a  href=""https://m.weibo.cn/search?containerid=231522type%3D1%26t%3D10%26q%3D%23vivo+X30%E6%BD%9C%E6%9C%9B%E5%BC%8F%E8%B6%85%E8%BF%9C%E6%91%84%23&extparam=%23vivo+X30%E6%BD%9C%E6%9C%9B%E5%BC%8F%E8%B6%85%E8%BF%9C%E6%91%84%23&luicode=10000011&lfid=1076031280761142"" data-hide=""""><span class=""surl-text"">#vivo X30潜望式超远摄#</span></a> <span class=""url-icon""><img alt=[心] src=""//h5.sinaimg.cn/m/emoticon/icon/others/l_xin-6912791858.png"" style=""width:1em; height:1em;"" /></span> <a data-url=""http://t.cn/AikTn9HO"" href=""https://m.weibo.cn/p/index?containerid=2304444452964312743950&url_type=39&object_type=video&pos=1&allowRedirect=1&disable_interception=1&disable_sinaurl=1&schemewhitelist=%7B%22scheme%22%3A%5B%22.%2A%22%5D%2C%22itunes%22%3A%5B%22.%2A%22%5D%7D&luicode=10000011&lfid=1076031280761142"" data-hide=""""><span class='url-icon'><img style='width: 1rem;height: 1rem' src='https://h5.sinaimg.cn/upload/2015/09/25/3/timeline_card_small_video_default.png'></span><span class=""surl-text"">刘雯的微博视频</span></a> "
https://m.weibo.cn/status/Im4Nslc5t?mblogid=Im4Nslc5t&luicode=10000011&lfid=1076031280761142,1280761142,4452616585051355,,23418,1240,12-23,1002,"我们都需要缓急有序的步调。看到蓝色要感受缓慢，看到红色要走得更快。但谁来定义颜色? 我是<a href='/n/Levis中国'>@Levis中国</a> 代言人刘雯，我有自己的步伐，新年我要<a  href=""https://m.weibo.cn/search?containerid=231522type%3D1%26t%3D10%26q%3D%23%E5%81%9A%E7%BA%A2%E8%89%B2%E7%9A%84%E8%93%9D%23&extparam=%23%E5%81%9A%E7%BA%A2%E8%89%B2%E7%9A%84%E8%93%9D%23&luicode=10000011&lfid=1076031280761142"" data-hide=""""><span class=""surl-text"">#做红色的蓝#</span></a>。<br />[加油]<a  href=""https://m.weibo.cn/search?containerid=231522type%3D1%26t%3D10%26q%3D%23%E5%88%98%E9%9B%AF%E4%B8%B9%E5%AE%81%E4%BA%BA%E7%94%9F%23&extparam=%23%E5%88%98%E9%9B%AF%E4%B8%B9%E5%AE%81%E4%BA%BA%E7%94%9F%23&luicode=10000011&lfid=1076031280761142"" data-hide=""""><span class=""surl-text"">#刘雯丹宁人生#</span></a> <a data-url=""http://t.cn/AikNLO7l"" href=""https://m.weibo.cn/p/index?containerid=2304444452613165613068&url_type=39&object_type=video&pos=1&allowRedirect=1&disable_interception=1&disable_sinaurl=1&schemewhitelist=%7B%22scheme%22%3A%5B%22.%2A%22%5D%2C%22itunes%22%3A%5B%22.%2A%22%5D%7D&luicode=10000011&lfid=1076031280761142"" data-hide=""""><span class='url-icon'><img style='width: 1rem;height: 1rem' src='https://h5.sinaimg.cn/upload/2015/09/25/3/timeline_card_small_video_default.png'></span><span class=""surl-text"">Levis中国的微博视频</span></a> "
https://m.weibo.cn/status/IlV4TxxoL?mblogid=IlV4TxxoL&luicode=10000011&lfid=1076031280761142,1280761142,4452242997993211,,36637,1596,12-22,731,"冬至，依然暖！有太多感谢想说，大家的付出与支持让2019充满了感激与能量，未来我们继续前行……<span class=""url-icon""><img alt=[握手] src=""//h5.sinaimg.cn/m/emoticon/icon/others/h_woshou-5f420e76e3.png"" style=""width:1em; height:1em;"" /></span><span class=""url-icon""><img alt=[心] src=""//h5.sinaimg.cn/m/emoticon/icon/others/l_xin-6912791858.png"" style=""width:1em; height:1em;"" /></span> "
https://m.weibo.cn/status/IlLjguW96?mblogid=IlLjguW96&luicode=10000011&lfid=1076031280761142,1280761142,4451867507373356,,62455,3175,12-21,2571,"起床了，起床了，不管有太阳还是有下雨天，都是值得期待的一个星期六 <span class=""url-icon""><img alt=[心] src=""//h5.sinaimg.cn/m/emoticon/icon/others/l_xin-6912791858.png"" style=""width:1em; height:1em;"" /></span> "
https://m.weibo.cn/status/IlEKmAV21?mblogid=IlEKmAV21&luicode=10000011&lfid=1076031280761142,1280761142,4451615228799041,做喜欢的事情，活出想要的#金砖人生#。感恩身边的每一个人，是大家的存在，才成就现在的我们。[爱你] 认真生活，努力工作，护肤就交给#金砖面霜#吧。,19422,985,12-20,4549,"做喜欢的事情，活出想要的<a  href=""https://m.weibo.cn/search?containerid=231522type%3D1%26t%3D10%26q%3D%23%E9%87%91%E7%A0%96%E4%BA%BA%E7%94%9F%23&extparam=%23%E9%87%91%E7%A0%96%E4%BA%BA%E7%94%9F%23&luicode=10000011&lfid=1076031280761142"" data-hide=""""><span class=""surl-text"">#金砖人生#</span></a>。感恩身边的每一个人，是大家的存在，才成就现在的我们。<span class=""url-icon""><img alt=[爱你] src=""//h5.sinaimg.cn/m/emoticon/icon/default/d_aini-4a23c0524a.png"" style=""width:1em; height:1em;"" /></span> 认真生活，努力工作，护肤就交给<a  href=""https://m.weibo.cn/search?containerid=231522type%3D1%26t%3D10%26q%3D%23%E9%87%91%E7%A0%96%E9%9D%A2%E9%9C%9C%23&isnewpage=1&luicode=10000011&lfid=1076031280761142"" data-hide=""""><span class=""surl-text"">#金砖面霜#</span></a>吧。"
https://m.weibo.cn/status/Ilxos83WN?mblogid=Ilxos83WN&luicode=10000011&lfid=1076031280761142,1280761142,4451332561921801,,76699,4182,12-19,1904,"哈尔滨一日游<span class=""url-icon""><img alt=[月亮] src=""//h5.sinaimg.cn/m/emoticon/icon/others/w_yueliang-7b19f500d5.png"" style=""width:1em; height:1em;"" /></span><span class=""url-icon""><img alt=[心] src=""//h5.sinaimg.cn/m/emoticon/icon/others/l_xin-6912791858.png"" style=""width:1em; height:1em;"" /></span> "
https://m.weibo.cn/status/IlkKKjaWa?mblogid=IlkKKjaWa&luicode=10000011&lfid=1076031280761142,1280761142,4450846664570278,,47785,2306,12-18,1717,"舒适，自由，运动，是构成香奈儿魅力的要素。<a  href=""https://m.weibo.cn/search?containerid=231522type%3D1%26t%3D10%26q%3D%23%E9%A6%99%E5%A5%88%E5%84%BF%E5%A4%96%E5%A5%97%23&luicode=10000011&lfid=1076031280761142"" data-hide=""""><span class=""surl-text"">#香奈儿外套#</span></a>对细节的考究，让我理解了内外皆美与实用兼备的时装风格，冬天动起来！<span class=""url-icon""><img alt=[微风] src=""//h5.sinaimg.cn/m/emoticon/icon/others/w_weifeng-33be96b05d.png"" style=""width:1em; height:1em;"" /></span> "
https://m.weibo.cn/status/Il1ZguVK8?mblogid=Il1ZguVK8&luicode=10000011&lfid=1076031280761142,1280761142,4450125307371808,,164031,12036,12-16,11144,"发现更多美，从按下快门开始。快来看看，我用vivo X30 Pro拍到了谁？<span class=""url-icon""><img alt=[羞嗒嗒] src=""//h5.sinaimg.cn/m/emoticon/icon/lxh/lxh_xiudada-f44e8f5688.png"" style=""width:1em; height:1em;"" /></span><span class=""url-icon""><img alt=[求关注] src=""//h5.sinaimg.cn/m/emoticon/icon/lxh/lxh_qiuguanzhu-9953fab258.png"" style=""width:1em; height:1em;"" /></span><a href='/n/alexanderwang'>@alexanderwang</a> <a  href=""https://m.weibo.cn/search?containerid=231522type%3D1%26t%3D10%26q%3D%23vivo+X30%E6%BD%9C%E6%9C%9B%E5%BC%8F%E8%B6%85%E8%BF%9C%E6%91%84%23&extparam=%23vivo+X30%E6%BD%9C%E6%9C%9B%E5%BC%8F%E8%B6%85%E8%BF%9C%E6%91%84%23&luicode=10000011&lfid=1076031280761142"" data-hide=""""><span class=""surl-text"">#vivo X30潜望式超远摄#</span></a><br /><a data-url=""http://t.cn/AiDWBd5U"" href=""http://miaopai.com/show/hki-gZv2CqOH6YcA06dUQFioi4X7YuKOhvby~A__.htm?showurl=http%3A%2F%2Fmiaopai.com%2Fshow%2Fhki-gZv2CqOH6YcA06dUQFioi4X7YuKOhvby%7EA__.htm&url_open_direct=1&toolbar_hidden=1&url_type=39&object_type=video&pos=1&allowRedirect=1&disable_interception=1&disable_sinaurl=1&schemewhitelist=%7B%22scheme%22%3A%5B%22.%2A%22%5D%2C%22itunes%22%3A%5B%22.%2A%22%5D%7D&containerid=2304424450096088023055&luicode=10000011&lfid=1076031280761142"" data-hide=""""><span class='url-icon'><img style='width: 1rem;height: 1rem' src='https://h5.sinaimg.cn/upload/2015/09/25/3/timeline_card_small_video_default.png'></span><span class=""surl-text"">vivo-的秒拍视频</span></a> "
https://m.weibo.cn/status/Iky1HgChN?mblogid=Iky1HgChN&luicode=10000011&lfid=1076031280761142,1280761142,4448973613960423,牢记历史！珍爱和平！,10325,317,12-13,1152,牢记历史！珍爱和平！
https://m.weibo.cn/status/IkqNR3hMM?mblogid=IkqNR3hMM&luicode=10000011&lfid=1076031280761142,1280761142,4448695950783356,和Caroline一起重新演绎了这次#香奈儿高级手工坊#发布会由Lucia Pica打造的妆容，你也来试试吧！#香奈儿美妆# [心],13599,566,12-12,480,"和Caroline一起重新演绎了这次<a  href=""https://m.weibo.cn/search?containerid=231522type%3D1%26t%3D10%26q%3D%23%E9%A6%99%E5%A5%88%E5%84%BF%E9%AB%98%E7%BA%A7%E6%89%8B%E5%B7%A5%E5%9D%8A%23&luicode=10000011&lfid=1076031280761142"" data-hide=""""><span class=""surl-text"">#香奈儿高级手工坊#</span></a>发布会由Lucia Pica打造的妆容，你也来试试吧！<a  href=""https://m.weibo.cn/search?containerid=231522type%3D1%26t%3D10%26q%3D%23%E9%A6%99%E5%A5%88%E5%84%BF%E7%BE%8E%E5%A6%86%23&isnewpage=1&luicode=10000011&lfid=1076031280761142"" data-hide=""""><span class=""surl-text"">#香奈儿美妆#</span></a> <span class=""url-icon""><img alt=[心] src=""//h5.sinaimg.cn/m/emoticon/icon/others/l_xin-6912791858.png"" style=""width:1em; height:1em;"" /></span>"
https://m.weibo.cn/status/IjWEZeBjP?mblogid=IjWEZeBjP&luicode=10000011&lfid=1076031280761142,1280761142,4447537253480049,,23020,1782,12-09,1248,"今天，我想跟你说说<a  href=""https://m.weibo.cn/search?containerid=231522type%3D1%26t%3D10%26q%3D%23%E5%88%98%E9%9B%AF%E7%9A%84%E7%A7%98%E5%AF%86%23&extparam=%23%E5%88%98%E9%9B%AF%E7%9A%84%E7%A7%98%E5%AF%86%23&luicode=10000011&lfid=1076031280761142"" data-hide=""""><span class=""surl-text"">#刘雯的秘密#</span></a>，满足你一直以来的好奇心。我的新秘密，就是它——拥有纯粹植物营养的植选植物奶。从今天开始，我将和<a href='/n/植选豆乳'>@植选豆乳</a> 一起，带你一同诠释自然乐活、无负担的时尚生活方式。那么，你的秘密呢？愿意讲给我听吗？<span class=""url-icon""><img alt=[微风] src=""//h5.sinaimg.cn/m/emoticon/icon/others/w_weifeng-33be96b05d.png"" style=""width:1em; height:1em;"" /></span><a data-url=""http://t.cn/AiejxgDO"" href=""http://miaopai.com/show/lcRpBEoQX-L3Pre8FhYvoEu2YFIczdPD0UOFbg__.htm?showurl=http%3A%2F%2Fmiaopai.com%2Fshow%2FlcRpBEoQX-L3Pre8FhYvoEu2YFIczdPD0UOFbg__.htm&url_open_direct=1&toolbar_hidden=1&url_type=39&object_type=video&pos=1&allowRedirect=1&disable_interception=1&disable_sinaurl=1&schemewhitelist=%7B%22scheme%22%3A%5B%22.%2A%22%5D%2C%22itunes%22%3A%5B%22.%2A%22%5D%7D&containerid=2304424447519438995467&luicode=10000011&lfid=1076031280761142"" data-hide=""""><span class='url-icon'><img style='width: 1rem;height: 1rem' src='https://h5.sinaimg.cn/upload/2015/09/25/3/timeline_card_small_video_default.png'></span><span class=""surl-text"">植选豆乳的秒拍视频</span></a> "
https://m.weibo.cn/status/IjQpOC4N3?mblogid=IjQpOC4N3&luicode=10000011&lfid=1076031280761142,1280761142,4447297209074881,,31930,1310,12-08,500,"见面，匆匆；相遇，美美！<span class=""url-icon""><img alt=[羞嗒嗒] src=""//h5.sinaimg.cn/m/emoticon/icon/lxh/lxh_xiudada-f44e8f5688.png"" style=""width:1em; height:1em;"" /></span><span class=""url-icon""><img alt=[羞嗒嗒] src=""//h5.sinaimg.cn/m/emoticon/icon/lxh/lxh_xiudada-f44e8f5688.png"" style=""width:1em; height:1em;"" /></span> "
https://m.weibo.cn/status/IjwNp69h1?mblogid=IjwNp69h1&luicode=10000011&lfid=1076031280761142,1280761142,4446543031465619,,57944,2554,12-06,1748,"传奇的镜梯，乌木屏风……这是康朋街31号香奈儿公寓私密的巴洛克风格空间，也是Virginie Viard用摩登与创新诠释的新一季充满<a href='/n/香奈儿CHANEL'>@香奈儿CHANEL</a> 经典标志的 <a  href=""https://m.weibo.cn/search?containerid=231522type%3D1%26t%3D10%26q%3D%23%E9%A6%99%E5%A5%88%E5%84%BF%E9%AB%98%E7%BA%A7%E6%89%8B%E5%B7%A5%E5%9D%8A%23&luicode=10000011&lfid=1076031280761142"" data-hide=""""><span class=""surl-text"">#香奈儿高级手工坊#</span></a>系列 <span class=""url-icon""><img alt=[心] src=""//h5.sinaimg.cn/m/emoticon/icon/others/l_xin-6912791858.png"" style=""width:1em; height:1em;"" /></span> "
https://m.weibo.cn/status/Ijvc0AhmB?mblogid=Ijvc0AhmB&luicode=10000011&lfid=1076031280761142,1280761142,4446481408646557,,13091,481,12-06,472,"我支持<a href='/n/angelica张宇'>@angelica张宇</a> <a href='/n/Vogue服饰与美容'>@Vogue服饰与美容</a> 发起的环保呼吁，我倡导减少一次纸杯使用频率，随身携带保温杯。与我一起，加入<a  href=""https://m.weibo.cn/search?containerid=231522type%3D1%26t%3D10%26q%3D%23Vogue%E7%8E%AF%E4%BF%9D%E6%89%93%E5%8D%A1%23&extparam=%23Vogue%E7%8E%AF%E4%BF%9D%E6%89%93%E5%8D%A1%23&luicode=10000011&lfid=1076031280761142"" data-hide=""""><span class=""surl-text"">#Vogue环保打卡#</span></a>的行列，从小事做起，<a  href=""https://m.weibo.cn/search?containerid=231522type%3D1%26t%3D10%26q%3D%23%E6%AD%A4%E5%88%BB%E5%8D%B3%E6%9C%AA%E6%9D%A5%23&luicode=10000011&lfid=1076031280761142"" data-hide=""""><span class=""surl-text"">#此刻即未来#</span></a> 请转发，让维护自然的力量不断传递！<span class=""url-icon""><img alt=[心] src=""//h5.sinaimg.cn/m/emoticon/icon/others/l_xin-6912791858.png"" style=""width:1em; height:1em;"" /></span> "
https://m.weibo.cn/status/Ijp8rwX7m?mblogid=Ijp8rwX7m&luicode=10000011&lfid=1076031280761142,1280761142,4446248557853748,,50646,1659,12-05,827,"𠆢个𠆢个竹林 <span class=""url-icon""><img alt=[微风] src=""//h5.sinaimg.cn/m/emoticon/icon/others/w_weifeng-33be96b05d.png"" style=""width:1em; height:1em;"" /></span> "
https://m.weibo.cn/status/IjlPVpurV?mblogid=IjlPVpurV&luicode=10000011&lfid=1076031280761142,1280761142,4446121756075251,这个冬天，与@angelica张宇 @Vogue服饰与美容 共同致力环保，加入#Vogue环保打卡#，让我们从此刻做起。#此刻即未来# [握手][爱你],16562,724,12-05,491,"这个冬天，与<a href='/n/angelica张宇'>@angelica张宇</a> <a href='/n/Vogue服饰与美容'>@Vogue服饰与美容</a> 共同致力环保，加入<a  href=""https://m.weibo.cn/search?containerid=231522type%3D1%26t%3D10%26q%3D%23Vogue%E7%8E%AF%E4%BF%9D%E6%89%93%E5%8D%A1%23&extparam=%23Vogue%E7%8E%AF%E4%BF%9D%E6%89%93%E5%8D%A1%23&luicode=10000011&lfid=1076031280761142"" data-hide=""""><span class=""surl-text"">#Vogue环保打卡#</span></a>，让我们从此刻做起。<a  href=""https://m.weibo.cn/search?containerid=231522type%3D1%26t%3D10%26q%3D%23%E6%AD%A4%E5%88%BB%E5%8D%B3%E6%9C%AA%E6%9D%A5%23&luicode=10000011&lfid=1076031280761142"" data-hide=""""><span class=""surl-text"">#此刻即未来#</span></a> <span class=""url-icon""><img alt=[握手] src=""//h5.sinaimg.cn/m/emoticon/icon/others/h_woshou-5f420e76e3.png"" style=""width:1em; height:1em;"" /></span><span class=""url-icon""><img alt=[爱你] src=""//h5.sinaimg.cn/m/emoticon/icon/default/d_aini-4a23c0524a.png"" style=""width:1em; height:1em;"" /></span>"
https://m.weibo.cn/status/IiMGv2ovU?mblogid=IiMGv2ovU&luicode=10000011&lfid=1076031280761142,1280761142,4444770510570890,,67454,2426,12-01,1822,"12月，抓住这一年 每一刻瞬间 <span class=""url-icon""><img alt=[心] src=""//h5.sinaimg.cn/m/emoticon/icon/others/l_xin-6912791858.png"" style=""width:1em; height:1em;"" /></span> "
https://m.weibo.cn/status/IillUqYk7?mblogid=IillUqYk7&luicode=10000011&lfid=1076031280761142,1280761142,4443719866428415,,116865,4499,11-28,2994,"游走 <span class=""url-icon""><img alt=[音乐] src=""//h5.sinaimg.cn/m/emoticon/icon/others/o_yinyue-89aa67be16.png"" style=""width:1em; height:1em;"" /></span><span class=""url-icon""><img alt=[微风] src=""//h5.sinaimg.cn/m/emoticon/icon/others/w_weifeng-33be96b05d.png"" style=""width:1em; height:1em;"" /></span> "
https://m.weibo.cn/status/IhTbCpp5a?mblogid=IhTbCpp5a&luicode=10000011&lfid=1076031280761142,1280761142,4442637166054620,,65209,2542,11-25,737,"<span class=""url-icon""><img alt=[太阳] src=""//h5.sinaimg.cn/m/emoticon/icon/others/w_taiyang-90b439dadf.png"" style=""width:1em; height:1em;"" /></span>早起问个好，<span class=""url-icon""><img alt=[月亮] src=""//h5.sinaimg.cn/m/emoticon/icon/others/w_yueliang-7b19f500d5.png"" style=""width:1em; height:1em;"" /></span>晚安问个好！ "
https://m.weibo.cn/status/IhG0hy1ZQ?mblogid=IhG0hy1ZQ&luicode=10000011&lfid=1076031280761142,1280761142,4442130418110830,,39937,1483,11-24,333,"感谢日常不爱拍照的<a href='/n/迷死任'>@迷死任</a> 小姐姐让我记录下点滴回忆的2019！<br />祝 我亲爱的迷死任姐姐 生日快乐！<span class=""url-icon""><img alt=[心] src=""//h5.sinaimg.cn/m/emoticon/icon/others/l_xin-6912791858.png"" style=""width:1em; height:1em;"" /></span><span class=""url-icon""><img alt=[心] src=""//h5.sinaimg.cn/m/emoticon/icon/others/l_xin-6912791858.png"" style=""width:1em; height:1em;"" /></span> "
https://m.weibo.cn/status/IhpvWtBV4?mblogid=IhpvWtBV4&luicode=10000011&lfid=1076031280761142,1280761142,4441496567057278,,63895,1936,11-22,848,海边的雨后 
https://m.weibo.cn/status/IhevMFdRa?mblogid=IhevMFdRa&luicode=10000011&lfid=1076031280761142,1280761142,4441073629824716,,76360,2621,11-21,1614,"心中一点暖阳阳……<span class=""url-icon""><img alt=[微风] src=""//h5.sinaimg.cn/m/emoticon/icon/others/w_weifeng-33be96b05d.png"" style=""width:1em; height:1em;"" /></span> "
https://m.weibo.cn/status/IgN8Ekfrk?mblogid=IgN8Ekfrk&luicode=10000011&lfid=1076031280761142,1280761142,4440021404825914,,151508,5747,11-18,3759,"入冬前储藏阳光 <span class=""url-icon""><img alt=[太阳] src=""//h5.sinaimg.cn/m/emoticon/icon/others/w_taiyang-90b439dadf.png"" style=""width:1em; height:1em;"" /></span><span class=""url-icon""><img alt=[太阳] src=""//h5.sinaimg.cn/m/emoticon/icon/others/w_taiyang-90b439dadf.png"" style=""width:1em; height:1em;"" /></span><span class=""url-icon""><img alt=[太阳] src=""//h5.sinaimg.cn/m/emoticon/icon/others/w_taiyang-90b439dadf.png"" style=""width:1em; height:1em;"" /></span> "
https://m.weibo.cn/status/IgkeC7Euj?mblogid=IgkeC7Euj&luicode=10000011&lfid=1076031280761142,1280761142,4438910341823935,,48906,2066,11-15,1003,"当时尚与电影相遇，<br /><a  href=""https://m.weibo.cn/search?containerid=231522type%3D1%26t%3D10%26q%3D%23VogueFilm%E6%97%B6%E8%A3%85%E7%94%B5%E5%BD%B1%E7%9B%9B%E5%85%B8%23&extparam=%23VogueFilm%E6%97%B6%E8%A3%85%E7%94%B5%E5%BD%B1%E7%9B%9B%E5%85%B8%23&luicode=10000011&lfid=1076031280761142"" data-hide=""""><span class=""surl-text"">#VogueFilm时装电影盛典#</span></a><br />当香奈儿与简单摩登的女性形象相遇，<br /><a  href=""https://m.weibo.cn/search?containerid=231522type%3D1%26t%3D10%26q%3D%23Vogue%2B%E9%A6%99%E5%A5%88%E5%84%BF%23&luicode=10000011&lfid=1076031280761142"" data-hide=""""><span class=""surl-text"">#Vogue+香奈儿#</span></a><a  href=""https://m.weibo.cn/search?containerid=231522type%3D1%26t%3D10%26q%3D%23%E9%A6%99%E5%A5%88%E5%84%BF%E4%B8%8E%E7%94%B5%E5%BD%B1%23&extparam=%23%E9%A6%99%E5%A5%88%E5%84%BF%E4%B8%8E%E7%94%B5%E5%BD%B1%23&luicode=10000011&lfid=1076031280761142"" data-hide=""""><span class=""surl-text"">#香奈儿与电影#</span></a><br />一切是如此美妙！<br /><a href='/n/angelica张宇'>@angelica张宇</a> <a href='/n/VogueFilm'>@VogueFilm</a> <a href='/n/Vogue服饰与美容'>@Vogue服饰与美容</a> "
https://m.weibo.cn/status/IfViqyTBh?mblogid=IfViqyTBh&luicode=10000011&lfid=1076031280761142,1280761142,4437951708316883,,62300,2339,11-12,1409,"静 镜  晚 安<span class=""url-icon""><img alt=[微风] src=""//h5.sinaimg.cn/m/emoticon/icon/others/w_weifeng-33be96b05d.png"" style=""width:1em; height:1em;"" /></span> "
https://m.weibo.cn/status/IfHeXhnoC?mblogid=IfHeXhnoC&luicode=10000011&lfid=1076031280761142,1280761142,4437411394141514,那些天我们追的日月星辰，那些天我们拍过的胡杨沙漠，还有那些天我们喂过的蚊子，都是值得的，愉快的[挤眼][心][心][心][心][心][心][飞机][围观][太阳][月亮][音乐],16953,1372,11-11,768,"那些天我们追的日月星辰，那些天我们拍过的胡杨沙漠，还有那些天我们喂过的蚊子，都是值得的，愉快的<span class=""url-icon""><img alt=[挤眼] src=""//h5.sinaimg.cn/m/emoticon/icon/default/d_jiyan-feeb0a726c.png"" style=""width:1em; height:1em;"" /></span><span class=""url-icon""><img alt=[心] src=""//h5.sinaimg.cn/m/emoticon/icon/others/l_xin-6912791858.png"" style=""width:1em; height:1em;"" /></span><span class=""url-icon""><img alt=[心] src=""//h5.sinaimg.cn/m/emoticon/icon/others/l_xin-6912791858.png"" style=""width:1em; height:1em;"" /></span><span class=""url-icon""><img alt=[心] src=""//h5.sinaimg.cn/m/emoticon/icon/others/l_xin-6912791858.png"" style=""width:1em; height:1em;"" /></span><span class=""url-icon""><img alt=[心] src=""//h5.sinaimg.cn/m/emoticon/icon/others/l_xin-6912791858.png"" style=""width:1em; height:1em;"" /></span><span class=""url-icon""><img alt=[心] src=""//h5.sinaimg.cn/m/emoticon/icon/others/l_xin-6912791858.png"" style=""width:1em; height:1em;"" /></span><span class=""url-icon""><img alt=[心] src=""//h5.sinaimg.cn/m/emoticon/icon/others/l_xin-6912791858.png"" style=""width:1em; height:1em;"" /></span><span class=""url-icon""><img alt=[飞机] src=""//h5.sinaimg.cn/m/emoticon/icon/others/o_feiji-d02d2841f1.png"" style=""width:1em; height:1em;"" /></span><span class=""url-icon""><img alt=[围观] src=""//h5.sinaimg.cn/m/emoticon/icon/others/o_weiguan-182f18c20e.png"" style=""width:1em; height:1em;"" /></span><span class=""url-icon""><img alt=[太阳] src=""//h5.sinaimg.cn/m/emoticon/icon/others/w_taiyang-90b439dadf.png"" style=""width:1em; height:1em;"" /></span><span class=""url-icon""><img alt=[月亮] src=""//h5.sinaimg.cn/m/emoticon/icon/others/w_yueliang-7b19f500d5.png"" style=""width:1em; height:1em;"" /></span><span class=""url-icon""><img alt=[音乐] src=""//h5.sinaimg.cn/m/emoticon/icon/others/o_yinyue-89aa67be16.png"" style=""width:1em; height:1em;"" /></span>"
https://m.weibo.cn/status/IfmFo4VG3?mblogid=IfmFo4VG3&luicode=10000011&lfid=1076031280761142,1280761142,4436620541175027,,109084,4025,11-09,2293,起风，入冬，开始盼太阳阳阳阳阳 🌞 
https://m.weibo.cn/status/If9lVt8W7?mblogid=If9lVt8W7&luicode=10000011&lfid=1076031280761142,1280761142,4436108756945867,,112507,4701,11-07,2626,"嬉，晚安！<span class=""url-icon""><img alt=[月亮] src=""//h5.sinaimg.cn/m/emoticon/icon/others/w_yueliang-7b19f500d5.png"" style=""width:1em; height:1em;"" /></span> "
